{"count":1,"self":800.3433984,"total":2969.2630771999998,"children":{"InitializeActuators":{"count":1,"self":0.0019979999999999998,"total":0.0019979999999999998,"children":null},"InitializeSensors":{"count":1,"self":0.0019998999999999998,"total":0.0019998999999999998,"children":null},"AgentSendState":{"count":2011751,"self":121.45521919999999,"total":149.3215873,"children":{"CollectObservations":{"count":201176,"self":0.5972883,"total":0.5972883,"children":null},"WriteActionMask":{"count":201176,"self":0.35863259999999997,"total":0.35863259999999997,"children":null},"RequestDecision":{"count":201176,"self":2.4418854,"total":26.9104527,"children":{"AgentInfo.ToProto":{"count":201176,"self":2.8739108,"total":24.4685673,"children":{"GenerateSensorData":{"count":201176,"self":19.022064,"total":21.5946565,"children":{"RayPerceptionSensor.Perceive":{"count":603528,"self":2.5725924,"total":2.5725924,"children":null}}}}}}}}},"DecideAction":{"count":2011751,"self":2001.5486976,"total":2001.5486111,"children":null},"AgentAct":{"count":2011751,"self":17.993996799999998,"total":18.0295362,"children":{"AgentInfo.ToProto":{"count":244,"self":0.0015041,"total":0.0355399,"children":{"GenerateSensorData":{"count":244,"self":0.0265299,"total":0.0340358,"children":{"RayPerceptionSensor.Perceive":{"count":732,"self":0.0075058999999999994,"total":0.0075058999999999994,"children":null}}}}}}},"AgentInfo.ToProto":{"count":133,"self":0.002495,"total":0.014476099999999999,"children":{"GenerateSensorData":{"count":133,"self":0.010980799999999999,"total":0.0119811,"children":{"RayPerceptionSensor.Perceive":{"count":399,"self":0.0010003,"total":0.0010003,"children":null}}}}}},"gauges":{"CovidSpreader.CumulativeReward":{"count":377,"max":12,"min":-2,"runningAverage":7.984083,"value":9,"weightedAverage":10.3423653}},"metadata":{"timer_format_version":"0.1.0","start_time_seconds":"1653732897","unity_version":"2020.3.30f1","command_line_arguments":"C:\\Program Files\\Unity\\Hub\\Editor\\2020.3.30f1\\Editor\\Unity.exe -projectpath C:\\Users\\duggy\\Documents\\GitHub\\predator-prey -useHub -hubIPC -cloudEnvironment production -licensingIpc LicenseClient-duggy -hubSessionId 45184290-de3a-11ec-b071-e5d9322ac760 -accessToken MSzMNkGIKr5ciNP74WNhhRvSzZLoXCrqhhyAksb3EvY00ff","communication_protocol_version":"1.5.0","com.unity.ml-agents_version":"2.0.1","scene_name":"CityLevelAssignment2","end_time_seconds":"1653735866"}}