{"count":1,"self":41.842895999999996,"total":74.4324942,"children":{"InitializeActuators":{"count":1,"self":0.0019996,"total":0.0019996,"children":null},"InitializeSensors":{"count":1,"self":0.0029936,"total":0.0050019,"children":{"CreateObservableSensors":{"count":1,"self":0.0020082999999999998,"total":0.0020082999999999998,"children":null}}},"AgentSendState":{"count":42888,"self":8.5188272,"total":8.9602989,"children":{"CollectObservations":{"count":4289,"self":0.0089991,"total":0.0089991,"children":null},"WriteActionMask":{"count":4289,"self":0.0070003999999999995,"total":0.0070003999999999995,"children":null},"RequestDecision":{"count":4289,"self":0.036989799999999996,"total":0.42547189999999996,"children":{"AgentInfo.ToProto":{"count":4289,"self":0.022997899999999998,"total":0.3884821,"children":{"GenerateSensorData":{"count":4289,"self":0.2904894,"total":0.3654842,"children":{"RayPerceptionSensor.Perceive":{"count":12867,"self":0.0749948,"total":0.0749948,"children":null}}}}}}}}},"DecideAction":{"count":42888,"self":23.373327999999997,"total":23.3733272,"children":null},"AgentAct":{"count":42888,"self":0.0809889,"total":0.0809889,"children":null},"AgentInfo.ToProto":{"count":12,"self":0,"total":0.00099819999999999987,"children":{"GenerateSensorData":{"count":12,"self":0,"total":0.00099819999999999987,"children":{"RayPerceptionSensor.Perceive":{"count":36,"self":0.00099819999999999987,"total":0.00099819999999999987,"children":null}}}}},"CreateObservableSensors":{"count":839,"self":0.1669843,"total":0.1669843,"children":null}},"gauges":{"Player.CumulativeReward":{"count":12,"max":30,"min":0,"runningAverage":11.0833321,"value":24,"weightedAverage":15.590168}},"metadata":{"timer_format_version":"0.1.0","start_time_seconds":"1654157193","unity_version":"2020.3.30f1","command_line_arguments":"E:\\2020.3.30f1\\Editor\\Unity.exe -projectpath D:\\predator-prey -useHub -hubIPC -cloudEnvironment production -licensingIpc LicenseClient-arlos -hubSessionId 14c95f30-d254-11ec-bcb0-cd5e40ea6e0c -accessToken sf42o63KjSuGpUSKikEsVDGnciUSyGE6IDP1j3htUpg00ff","communication_protocol_version":"1.5.0","com.unity.ml-agents_version":"2.0.1","scene_name":"CityLevelAssignment2","end_time_seconds":"1654157267"}}