{"count":1,"self":1386.9443072,"total":2702.0154380999998,"children":{"InitializeActuators":{"count":1,"self":0.0019989,"total":0.0019989,"children":null},"InitializeSensors":{"count":1,"self":0.003,"total":0.0050003999999999995,"children":{"CreateObservableSensors":{"count":1,"self":0.0020004,"total":0.0020004,"children":null}}},"AgentSendState":{"count":1147734,"self":82.4587456,"total":89.475971399999992,"children":{"CollectObservations":{"count":114774,"self":0.19801529999999998,"total":0.19801529999999998,"children":null},"WriteActionMask":{"count":114774,"self":0.139019,"total":0.139019,"children":null},"RequestDecision":{"count":114774,"self":0.70881869999999991,"total":6.6801894,"children":{"AgentInfo.ToProto":{"count":114774,"self":0.8051937,"total":5.9713707,"children":{"GenerateSensorData":{"count":114774,"self":4.331536,"total":5.1661769999999994,"children":{"RayPerceptionSensor.Perceive":{"count":114774,"self":0.83464109999999991,"total":0.83464109999999991,"children":null}}}}}}}}},"DecideAction":{"count":1147734,"self":1216.4308991999999,"total":1216.4308982999999,"children":null},"AgentAct":{"count":1147734,"self":2.6941889999999997,"total":2.7151947,"children":{"AgentInfo.ToProto":{"count":459,"self":0.0020012999999999997,"total":0.0210057,"children":{"GenerateSensorData":{"count":459,"self":0.0170045,"total":0.019004399999999998,"children":{"RayPerceptionSensor.Perceive":{"count":459,"self":0.0019998999999999998,"total":0.0019998999999999998,"children":null}}}}}}},"CreateObservableSensors":{"count":26769,"self":6.4400819999999994,"total":6.4400819,"children":null}},"gauges":{"ACA.CumulativeReward":{"count":459,"max":66,"min":4,"runningAverage":40.34859,"value":43,"weightedAverage":47.7461128}},"metadata":{"timer_format_version":"0.1.0","start_time_seconds":"1653275774","unity_version":"2020.3.30f1","command_line_arguments":"E:\\2020.3.30f1\\Editor\\Unity.exe -projectpath D:\\predator-prey -useHub -hubIPC -cloudEnvironment production -licensingIpc LicenseClient-arlos -hubSessionId 14c95f30-d254-11ec-bcb0-cd5e40ea6e0c -accessToken tANkYxZBXrIxqswp7jTNYVUdaL7QOBgooCMTqFZSMoU00ff","communication_protocol_version":"1.5.0","com.unity.ml-agents_version":"2.0.1","scene_name":"CityLevelAssignment2","end_time_seconds":"1653278476"}}