{"count":1,"self":4938.3161856,"total":13488.7574685,"children":{"InitializeActuators":{"count":1,"self":0.0014992,"total":0.0014992,"children":null},"InitializeSensors":{"count":1,"self":0.0025017999999999998,"total":0.0025017999999999998,"children":null},"AgentSendState":{"count":10000351,"self":546.38064639999993,"total":645.707396,"children":{"CollectObservations":{"count":1000036,"self":2.0315392,"total":2.0315391,"children":null},"WriteActionMask":{"count":1000036,"self":1.4071871,"total":1.4071871,"children":null},"RequestDecision":{"count":1000036,"self":8.6658575999999989,"total":95.8880398,"children":{"AgentInfo.ToProto":{"count":1000036,"self":9.0374736,"total":87.2221818,"children":{"GenerateSensorData":{"count":1000036,"self":67.5654848,"total":78.1847083,"children":{"RayPerceptionSensor.Perceive":{"count":3000108,"self":10.619223199999999,"total":10.6192231,"children":null}}}}}}}}},"DecideAction":{"count":10000351,"self":7825.4358527999993,"total":7825.4361538999992,"children":null},"AgentAct":{"count":10000351,"self":79.037696,"total":79.0865204,"children":{"AgentInfo.ToProto":{"count":612,"self":0.0055065999999999995,"total":0.048822899999999995,"children":{"GenerateSensorData":{"count":612,"self":0.036808799999999996,"total":0.043316299999999995,"children":{"RayPerceptionSensor.Perceive":{"count":1836,"self":0.0065074999999999994,"total":0.0065074999999999994,"children":null}}}}}}},"AgentInfo.ToProto":{"count":2285,"self":0.024476499999999998,"total":0.20638499999999999,"children":{"GenerateSensorData":{"count":2285,"self":0.148448,"total":0.1819085,"children":{"RayPerceptionSensor.Perceive":{"count":6855,"self":0.0334605,"total":0.0334605,"children":null}}}}}},"gauges":{"CovidSpreader.CumulativeReward":{"count":2897,"max":12,"min":-2,"runningAverage":10.3921194,"value":11,"weightedAverage":11.0533724}},"metadata":{"timer_format_version":"0.1.0","start_time_seconds":"1653899478","unity_version":"2020.3.30f1","command_line_arguments":"C:\\Program Files\\Unity\\Hub\\Editor\\2020.3.30f1\\Editor\\Unity.exe -projectpath C:\\Users\\duggy\\Documents\\GitHub\\predator-prey -useHub -hubIPC -cloudEnvironment production -licensingIpc LicenseClient-duggy -hubSessionId 57ceb1e0-dfd3-11ec-a730-f96d73136b7f -accessToken kQnhEb-feQwwiOX5_jLhadTLpZzf3FntZNgydR7lwS800ff","communication_protocol_version":"1.5.0","com.unity.ml-agents_version":"2.0.1","scene_name":"CLA2OriginalTraining","end_time_seconds":"1653912966"}}