{
    "name": "root",
    "gauges": {
        "Player.Policy.Entropy.mean": {
            "value": 0.916452169418335,
            "min": 0.034737590700387955,
            "max": 1.4866434335708618,
            "count": 3694
        },
        "Player.Policy.Entropy.sum": {
            "value": 913.7028198242188,
            "min": 34.73759078979492,
            "max": 1488.130126953125,
            "count": 3694
        },
        "Player.Step.mean": {
            "value": 10902995.0,
            "min": 7209998.0,
            "max": 10902995.0,
            "count": 3694
        },
        "Player.Step.sum": {
            "value": 10902995.0,
            "min": 7209998.0,
            "max": 10902995.0,
            "count": 3694
        },
        "Player.Policy.ExtrinsicValueEstimate.mean": {
            "value": 25652.701171875,
            "min": 385.3241271972656,
            "max": 26384.427734375,
            "count": 3694
        },
        "Player.Policy.ExtrinsicValueEstimate.sum": {
            "value": 5156193.0,
            "min": 77450.1484375,
            "max": 5321675.0,
            "count": 3694
        },
        "Player.Environment.EpisodeLength.mean": {
            "value": 119.28571428571429,
            "min": 46.0,
            "max": 999.0,
            "count": 3694
        },
        "Player.Environment.EpisodeLength.sum": {
            "value": 835.0,
            "min": 46.0,
            "max": 1962.0,
            "count": 3694
        },
        "Player.Environment.CumulativeReward.mean": {
            "value": 324212.0,
            "min": 106.125,
            "max": 2708607.0,
            "count": 3694
        },
        "Player.Environment.CumulativeReward.sum": {
            "value": 2269484.0,
            "min": 849.0,
            "max": 5077773.0,
            "count": 3694
        },
        "Player.Policy.ExtrinsicReward.mean": {
            "value": 324212.0,
            "min": 106.125,
            "max": 2708607.0,
            "count": 3694
        },
        "Player.Policy.ExtrinsicReward.sum": {
            "value": 2269484.0,
            "min": 849.0,
            "max": 5077773.0,
            "count": 3694
        },
        "Player.IsTraining.mean": {
            "value": 1.0,
            "min": 1.0,
            "max": 1.0,
            "count": 3694
        },
        "Player.IsTraining.sum": {
            "value": 1.0,
            "min": 1.0,
            "max": 1.0,
            "count": 3694
        },
        "Player.Losses.PolicyLoss.mean": {
            "value": 0.06062200945452787,
            "min": 0.06062200945452787,
            "max": 0.07993873615244713,
            "count": 360
        },
        "Player.Losses.PolicyLoss.sum": {
            "value": 0.06062200945452787,
            "min": 0.06062200945452787,
            "max": 0.07993873615244713,
            "count": 360
        },
        "Player.Losses.ValueLoss.mean": {
            "value": 7914000.567708333,
            "min": 2098.3046684265137,
            "max": 8456196.477604168,
            "count": 360
        },
        "Player.Losses.ValueLoss.sum": {
            "value": 7914000.567708333,
            "min": 2098.3046684265137,
            "max": 8456196.477604168,
            "count": 360
        },
        "Player.Policy.LearningRate.mean": {
            "value": 0.00029999673101868956,
            "min": 0.00029999673101868956,
            "max": 0.0002999978342008219,
            "count": 360
        },
        "Player.Policy.LearningRate.sum": {
            "value": 0.00029999673101868956,
            "min": 0.00029999673101868956,
            "max": 0.0002999978342008219,
            "count": 360
        },
        "Player.Policy.Epsilon.mean": {
            "value": 0.19999891033919995,
            "min": 0.19999891033919995,
            "max": 0.19999927806669995,
            "count": 360
        },
        "Player.Policy.Epsilon.sum": {
            "value": 0.19999891033919995,
            "min": 0.19999891033919995,
            "max": 0.19999927806669995,
            "count": 360
        },
        "Player.Policy.Beta.mean": {
            "value": 0.00499994562592608,
            "min": 0.00499994562592608,
            "max": 0.0049999639755283305,
            "count": 360
        },
        "Player.Policy.Beta.sum": {
            "value": 0.00499994562592608,
            "min": 0.00499994562592608,
            "max": 0.0049999639755283305,
            "count": 360
        }
    },
    "metadata": {
        "timer_format_version": "0.1.0",
        "start_time_seconds": "1654067254",
        "python_version": "3.9.12 (main, Apr  4 2022, 05:22:27) [MSC v.1916 64 bit (AMD64)]",
        "command_line_arguments": "C:\\Users\\arlos\\anaconda3\\envs\\prologSynth\\Scripts\\mlagents-learn --resume PlayerParameters.yaml",
        "mlagents_version": "0.29.0",
        "mlagents_envs_version": "0.29.0",
        "communication_protocol_version": "1.5.0",
        "pytorch_version": "1.8.1+cpu",
        "numpy_version": "1.21.2",
        "end_time_seconds": "1654132229"
    },
    "total": 64974.7485636,
    "count": 1,
    "self": 0.007912699998996686,
    "children": {
        "run_training.setup": {
            "total": 0.11682809999999999,
            "count": 1,
            "self": 0.11682809999999999
        },
        "TrainerController.start_learning": {
            "total": 64974.6238228,
            "count": 1,
            "self": 76.5412209062124,
            "children": {
                "TrainerController._reset_env": {
                    "total": 4.7896595,
                    "count": 1,
                    "self": 4.7896595
                },
                "TrainerController.advance": {
                    "total": 64893.151133793785,
                    "count": 3706377,
                    "self": 75.29092869966553,
                    "children": {
                        "env_step": {
                            "total": 61265.53930359875,
                            "count": 3706377,
                            "self": 57537.15089509701,
                            "children": {
                                "SubprocessEnvManager._take_step": {
                                    "total": 3677.144829796497,
                                    "count": 3706377,
                                    "self": 167.94600679490532,
                                    "children": {
                                        "TorchPolicy.evaluate": {
                                            "total": 3509.198823001592,
                                            "count": 3694199,
                                            "self": 850.164525399407,
                                            "children": {
                                                "TorchPolicy.sample_actions": {
                                                    "total": 2659.034297602185,
                                                    "count": 3694199,
                                                    "self": 2659.034297602185
                                                }
                                            }
                                        }
                                    }
                                },
                                "workers": {
                                    "total": 51.24357870524591,
                                    "count": 3706376,
                                    "self": 0.0,
                                    "children": {
                                        "worker_root": {
                                            "total": 64794.741153497635,
                                            "count": 3706376,
                                            "is_parallel": true,
                                            "self": 10787.487271004735,