{
    "name": "root",
    "gauges": {
        "Player.Policy.Entropy.mean": {
            "value": 0.3667679727077484,
            "min": 0.29054421186447144,
            "max": 0.4052126705646515,
            "count": 20
        },
        "Player.Policy.Entropy.sum": {
            "value": 367.8682861328125,
            "min": 124.44928741455078,
            "max": 404.8074645996094,
            "count": 20
        },
        "Player.Step.mean": {
            "value": 2139999.0,
            "min": 2120995.0,
            "max": 2139999.0,
            "count": 20
        },
        "Player.Step.sum": {
            "value": 2139999.0,
            "min": 2120995.0,
            "max": 2139999.0,
            "count": 20
        },
        "Player.Policy.ExtrinsicValueEstimate.mean": {
            "value": 1.7935539484024048,
            "min": 1.6491519212722778,
            "max": 1.9216506481170654,
            "count": 20
        },
        "Player.Policy.ExtrinsicValueEstimate.sum": {
            "value": 360.50433349609375,
            "min": 148.41969299316406,
            "max": 386.25177001953125,
            "count": 20
        },
        "Player.Environment.EpisodeLength.mean": {
            "value": 185.5,
            "min": 103.2,
            "max": 610.5,
            "count": 20
        },
        "Player.Environment.EpisodeLength.sum": {
            "value": 371.0,
            "min": 120.0,
            "max": 1619.0,
            "count": 20
        },
        "Player.Environment.CumulativeReward.mean": {
            "value": 35.666666666666664,
            "min": 16.9,
            "max": 136.0,
            "count": 20
        },
        "Player.Environment.CumulativeReward.sum": {
            "value": 107.0,
            "min": 24.0,
            "max": 290.0,
            "count": 20
        },
        "Player.Policy.ExtrinsicReward.mean": {
            "value": 35.666666666666664,
            "min": 16.9,
            "max": 136.0,
            "count": 20
        },
        "Player.Policy.ExtrinsicReward.sum": {
            "value": 107.0,
            "min": 24.0,
            "max": 290.0,
            "count": 20
        },
        "Player.IsTraining.mean": {
            "value": 1.0,
            "min": 1.0,
            "max": 1.0,
            "count": 20
        },
        "Player.IsTraining.sum": {
            "value": 1.0,
            "min": 1.0,
            "max": 1.0,
            "count": 20
        },
        "Player.Losses.PolicyLoss.mean": {
            "value": 0.07250150453958971,
            "min": 0.07250150453958971,
            "max": 0.07250150453958971,
            "count": 1
        },
        "Player.Losses.PolicyLoss.sum": {
            "value": 0.07250150453958971,
            "min": 0.07250150453958971,
            "max": 0.07250150453958971,
            "count": 1
        },
        "Player.Losses.ValueLoss.mean": {
            "value": 0.24594521299004554,
            "min": 0.24594521299004554,
            "max": 0.24594521299004554,
            "count": 1
        },
        "Player.Losses.ValueLoss.sum": {
            "value": 0.24594521299004554,
            "min": 0.24594521299004554,
            "max": 0.24594521299004554,
            "count": 1
        },
        "Player.Policy.LearningRate.mean": {
            "value": 0.000299999360747913,
            "min": 0.000299999360747913,
            "max": 0.000299999360747913,
            "count": 1
        },
        "Player.Policy.LearningRate.sum": {
            "value": 0.000299999360747913,
            "min": 0.000299999360747913,
            "max": 0.000299999360747913,
            "count": 1
        },
        "Player.Policy.Epsilon.mean": {
            "value": 0.1999997869159,
            "min": 0.1999997869159,
            "max": 0.1999997869159,
            "count": 1
        },
        "Player.Policy.Epsilon.sum": {
            "value": 0.1999997869159,
            "min": 0.1999997869159,
            "max": 0.1999997869159,
            "count": 1
        },
        "Player.Policy.Beta.mean": {
            "value": 0.004999989367103412,
            "min": 0.004999989367103412,
            "max": 0.004999989367103412,
            "count": 1
        },
        "Player.Policy.Beta.sum": {
            "value": 0.004999989367103412,
            "min": 0.004999989367103412,
            "max": 0.004999989367103412,
            "count": 1
        }
    },
    "metadata": {
        "timer_format_version": "0.1.0",
        "start_time_seconds": "1653890771",
        "python_version": "3.9.12 (main, Apr  4 2022, 05:22:27) [MSC v.1916 64 bit (AMD64)]",
        "command_line_arguments": "C:\\Users\\arlos\\anaconda3\\envs\\prologSynth\\Scripts\\mlagents-learn --resume PlayerParameters.yaml",
        "mlagents_version": "0.29.0",
        "mlagents_envs_version": "0.29.0",
        "communication_protocol_version": "1.5.0",
        "pytorch_version": "1.8.1+cpu",
        "numpy_version": "1.21.2",
        "end_time_seconds": "1653891211"
    },
    "total": 440.3166754,
    "count": 1,
    "self": 0.006328299999950104,
    "children": {
        "run_training.setup": {
            "total": 0.13091169999999996,
            "count": 1,
            "self": 0.13091169999999996
        },
        "TrainerController.start_learning": {
            "total": 440.17943540000005,
            "count": 1,
            "self": 0.4309582000012142,
            "children": {
                "TrainerController._reset_env": {
                    "total": 11.0452832,
                    "count": 1,
                    "self": 11.0452832
                },
                "TrainerController.advance": {
                    "total": 428.58725189999876,
                    "count": 20307,
                    "self": 0.37988769999924443,
                    "children": {
                        "env_step": {
                            "total": 412.1211748000013,
                            "count": 20307,
                            "self": 390.7615845000034,
                            "children": {
                                "SubprocessEnvManager._take_step": {
                                    "total": 21.079525099998975,
                                    "count": 20307,
                                    "self": 0.9568150999979146,
                                    "children": {
                                        "TorchPolicy.evaluate": {
                                            "total": 20.12271000000106,
                                            "count": 20216,
                                            "self": 4.884002600000905,
                                            "children": {
                                                "TorchPolicy.sample_actions": {
                                                    "total": 15.238707400000155,
                                                    "count": 20216,
                                                    "self": 15.238707400000155
                                                }
                                            }
                                        }
                                    }
                                },
                                "workers": {
                                    "total": 0.2800651999989352,
                                    "count": 20306,
                                    "self": 0.0,
                                    "children": {
                                        "worker_root": {
                                            "total": 333.49688210000005,
                                            "count": 20306,
                                            "is_parallel": true,
                                            "self": 57.65336570000085,