{
    "name": "root",
    "metadata": {
        "timer_format_version": "0.1.0",
        "start_time_seconds": "1653275770",
        "python_version": "3.9.12 (main, Apr  4 2022, 05:22:27) [MSC v.1916 64 bit (AMD64)]",
        "command_line_arguments": "C:\\Users\\arlos\\anaconda3\\envs\\prologSynth\\Scripts\\mlagents-learn --force AntiCovidAgentHyperparameters.yaml",
        "mlagents_version": "0.29.0",
        "mlagents_envs_version": "0.29.0",
        "communication_protocol_version": "1.5.0",
        "pytorch_version": "1.8.1+cpu",
        "numpy_version": "1.21.2",
        "end_time_seconds": "1653278490"
    },
    "total": 2720.3863007,
    "count": 1,
    "self": 0.007911300000159827,
    "children": {
        "run_training.setup": {
            "total": 0.10708519999999999,
            "count": 1,
            "self": 0.10708519999999999
        },
        "TrainerController.start_learning": {
            "total": 2720.2713042,
            "count": 1,
            "self": 4.444444900014787,
            "children": {
                "TrainerController._reset_env": {
                    "total": 5.0907196,
                    "count": 1,
                    "self": 5.0907196
                },
                "TrainerController.advance": {
                    "total": 2710.6182525999857,
                    "count": 114773,
                    "self": 1.5583730999751424,
                    "children": {
                        "env_step": {
                            "total": 2709.0598795000105,
                            "count": 114773,
                            "self": 2485.003376000007,
                            "children": {
                                "SubprocessEnvManager._take_step": {
                                    "total": 222.1904785000132,
                                    "count": 114773,
                                    "self": 7.419708200004266,
                                    "children": {
                                        "TorchPolicy.evaluate": {
                                            "total": 214.77077030000893,
                                            "count": 114773,
                                            "self": 53.12398990004385,
                                            "children": {
                                                "TorchPolicy.sample_actions": {
                                                    "total": 161.64678039996508,
                                                    "count": 114773,
                                                    "self": 161.64678039996508
                                                }
                                            }
                                        }
                                    }
                                },
                                "workers": {
                                    "total": 1.866024999990553,
                                    "count": 114772,
                                    "self": 0.0,
                                    "children": {
                                        "worker_root": {
                                            "total": 2696.766537399985,
                                            "count": 114772,
                                            "is_parallel": true,
                                            "self": 980.6243616999589,
                                            "children": {
                                                "steps_from_proto": {
                                                    "total": 0.0003790999999999656,
                                                    "count": 1,
                                                    "is_parallel": true,
                                                    "self": 0.00018999999999902428,
                                                    "children": {
                                                        "_process_rank_one_or_two_observation": {
                                                            "total": 0.0001891000000009413,
                                                            "count": 2,
                                                            "is_parallel": true,
                                                            "self": 0.0001891000000009413
                                                        }
                                                    }
                                                },
                                                "UnityEnvironment.step": {
                                                    "total": 1716.141796600026,
                                                    "count": 114772,
                                                    "is_parallel": true,
                                                    "self": 12.952400499999158,
                                                    "children": {
                                                        "UnityEnvironment._generate_step_input": {
                                                            "total": 9.85790249998983,
                                                            "count": 114772,
                                                            "is_parallel": true,
                                                            "self": 9.85790249998983
                                                        },
                                                        "communicator.exchange": {
                                                            "total": 1650.0260648000271,
                                                            "count": 114772,
                                                            "is_parallel": true,
                                                            "self": 1650.0260648000271
                                                        },
                                                        "steps_from_proto": {
                                                            "total": 43.305428800009835,
                                                            "count": 114772,
                                                            "is_parallel": true,
                                                            "self": 24.505860999978598,
                                                            "children": {
                                                                "_process_rank_one_or_two_observation": {
                                                                    "total": 18.799567800031237,
                                                                    "count": 229544,
                                                                    "is_parallel": true,
                                                                    "self": 18.799567800031237
                                                                }
                                                            }
                                                        }
                                                    }
                                                }
                                            }
                                        }
                                    }
                                }
                            }
                        }
                    }
                },
                "TrainerController._save_models": {
                    "total": 0.11788709999973435,
                    "count": 1,
                    "self": 0.007901099999799044,
                    "children": {
                        "RLTrainer._checkpoint": {
                            "total": 0.1099859999999353,
                            "count": 1,
                            "self": 0.1099859999999353
                        }
                    }
                }
            }
        }
    }
}